/*
Navicat MySQL Data Transfer

Source Server         : mysql
Source Server Version : 50724
Source Host           : localhost:3306
Source Database       : pizzabox

Target Server Type    : MYSQL
Target Server Version : 50724
File Encoding         : 65001

Date: 2021-03-16 14:46:04
*/

SET FOREIGN_KEY_CHECKS=0;

-- ----------------------------
-- Table structure for `client`
-- ----------------------------
DROP TABLE IF EXISTS `client`;
CREATE TABLE `client` (
  `NroClie` varchar(255) NOT NULL DEFAULT '',
  `NomClie` varchar(255) DEFAULT NULL,
  `PrenomClie` varchar(255) DEFAULT NULL,
  `AdresseClie` varchar(255) DEFAULT NULL,
  `VilleClie` varchar(255) DEFAULT NULL,
  `NroTelClie` varchar(255) DEFAULT NULL,
  `TitreClie` varchar(255) DEFAULT NULL,
  `passwd_client` varchar(255) DEFAULT NULL,
  PRIMARY KEY (`NroClie`)
) ENGINE=MyISAM DEFAULT CHARSET=latin1;

-- ----------------------------
-- Records of client
-- ----------------------------
INSERT INTO `client` VALUES ('1', 'Durban', 'Georges', '6, rue Emile Bertin', 'NANCY', '54000', 'M', null);
INSERT INTO `client` VALUES ('2', 'Dumas', 'Jean-Baptiste', '10, rue Ernest Renan', 'LAXOU', '54520', 'M', null);
INSERT INTO `client` VALUES ('3', 'Duvernoy', 'Martine', '24, rue du Sergent Blandan', 'NANCY', '54000', 'Mme', null);
INSERT INTO `client` VALUES ('4', 'Durendal', 'Roland', '17, boulevard Charlemagne', 'NANCY', '54000', 'M', null);
INSERT INTO `client` VALUES ('5', 'Durer', 'Albrecht', '20, rue Jules Ferry', 'NANCY', '54000', 'M', null);
INSERT INTO `client` VALUES ('6', 'Duquesnoy', 'Agnès', '10, rue des Clos', 'LAXOU', '54520', 'Mlle', null);
INSERT INTO `client` VALUES ('7', 'Dutronc', 'Jacques', '6, rue Rodin', 'VILLERS', '54600', 'M', null);
INSERT INTO `client` VALUES ('8', 'Durham', 'Jonathan', '12, rue Voltaire', 'NANCY', '54000', 'M', null);
INSERT INTO `client` VALUES ('9', 'Duluth', 'Pierre', '6, avenue Aristide Briand', 'NANCY', '54000', 'M', null);
INSERT INTO `client` VALUES ('10', 'Dutilleux', 'Henry', '10, avenue Paul Déroulède', 'LAXOU', '54520', 'M', null);
INSERT INTO `client` VALUES ('11', 'Dufour', 'Elodie', '52, boulevard Charlemagne', 'NANCY', '54000', 'Mme', null);
INSERT INTO `client` VALUES ('12', 'Duchatelet', 'Emilie', '20, boulevard Emile Zola', 'LAXOU', '54520', 'Mlle', null);
INSERT INTO `client` VALUES ('13', 'Durao', 'José', '10, avenue du Général Leclerc', 'VANDOEUVRE', '54000', 'M', null);
INSERT INTO `client` VALUES ('14', 'Dubcek', 'Alexndre', '20, rue de la Moselotte', 'LAXOU', '54520', 'Mme', null);
INSERT INTO `client` VALUES ('15', 'Dupatin', 'Sébastien', '101, rue Raymond Poincaré', 'NANCY', '54000', 'M', null);
INSERT INTO `client` VALUES ('16', 'Dupeyron', 'Juliette', '55, rue Emile Bertin', 'NANCY', '54000', 'M', null);
INSERT INTO `client` VALUES ('17', 'Durrazo', 'Jérémie', '120, avenue de Boufflers', 'NANCY', '54000', 'M', null);
INSERT INTO `client` VALUES ('18', 'Durango', 'Flora', '220, boulevard des Aiguillettes', 'VILLERS', '54600', 'Mlle', null);
INSERT INTO `client` VALUES ('19', 'Dusapin', 'Pascal', '45, rue de Maréville', 'LAXOU', '54520', 'M', null);
INSERT INTO `client` VALUES ('20', 'Duparc', 'Henri', '20, rue de l\'Abbé Didelot', 'LAXOU', '54520', 'M', null);
INSERT INTO `client` VALUES ('21', 'Durey', 'Louis', '30, rue Paul Bert', 'NANCY', '54000', 'M', null);
INSERT INTO `client` VALUES ('22', 'Duroc', 'Pierre', '25, rue de Santifontaine', 'NANCY', '54000', 'M', null);
INSERT INTO `client` VALUES ('23', 'Duverger', 'Maurice', '30, place de la Commanderie', 'NANCY', '54000', 'M', null);
INSERT INTO `client` VALUES ('24', 'Dullin', 'Charles', '5, rue du Petit Arbois', 'LAXOU', '54520', 'M', null);
INSERT INTO `client` VALUES ('25', 'Dughet', 'Gaspard', '20, rue Anatole France', 'NANCY', '54000', 'M', null);
INSERT INTO `client` VALUES ('26', 'Durbuy', 'Claudine', '25, rue de la Forêt', 'LAXOU', '54520', 'Mlle', null);
INSERT INTO `client` VALUES ('27', 'Dubrovnik', 'Raguse', '42, rue du Plateau', 'LAXOU', '54520', 'M', null);
INSERT INTO `client` VALUES ('28', 'Dufay', 'Guillaume', '15, rue du Four', 'LAXOU', '54520', 'M', null);
INSERT INTO `client` VALUES ('29', 'Dulcinée', 'Ginette', '53, avenue Aristide Briand', 'NANCY', '54000', 'M', null);
INSERT INTO `client` VALUES ('30', 'Dudley', 'Carole', '10, boulevard d\'Haussonville', 'VILLERS', '54600', 'Mlle', null);
INSERT INTO `client` VALUES ('31', 'Duse', 'Eléonora', '10, avenue Paul Déroulède', 'LAXOU', '54520', 'Mme', null);
INSERT INTO `client` VALUES ('32', 'Dunedine', 'Ginette', '50, rue du Petit Arbois', 'LAXOU', '54520', 'Mme', null);
INSERT INTO `client` VALUES ('33', 'Dudelange', 'Catherine', '3, place du Jet d\'eau', 'LAXOU', '54520', 'Mlle', null);
INSERT INTO `client` VALUES ('34', 'Dukou', 'Michaël', '52, rue Jules Ferry', 'NANCY', '54000', 'M', null);
INSERT INTO `client` VALUES ('35', 'Ducos', 'Martine', '10, place Paul painlevé', 'NANCY', '54000', 'Mle', null);
INSERT INTO `client` VALUES ('36', 'Dunham', 'Catherine', '135, boulevard des Aiguilette', 'VILLERS', '54600', 'Mlle', null);
INSERT INTO `client` VALUES ('37', 'Duclos', 'Jacques', '42, boulevard Charlemagne', 'NANCY', '54000', 'M', null);
INSERT INTO `client` VALUES ('38', 'Dublin', 'Zaccharie', '42, avenue du Montet', 'VANDOEUVRE', '54500', 'M', null);
INSERT INTO `client` VALUES ('39', 'Duchesne', 'Aline', '5, allée du Bassigny', 'LAXOU', '54520', 'Mme', null);
INSERT INTO `client` VALUES ('40', 'Ducommun', 'Elie', '42, rue du Sergent Blandan', 'NANCY', '54000', 'M', null);
INSERT INTO `client` VALUES ('41', 'Dubout', 'Albert', '20, avenue du Montet', 'VANDOEUVRE', '54500', 'M', null);
INSERT INTO `client` VALUES ('42', 'Dubarry', 'Jeanne', '74, boulevard de Hardeval', 'LAXOU', '54520', 'Mme', null);
INSERT INTO `client` VALUES ('43', 'Dugommier', 'Jacques', '45, avenue de l\'Europe', 'LAXOU', '54520', 'M', null);
INSERT INTO `client` VALUES ('44', 'Duhem', 'Pierre', '10, rue Victor Hugo', 'LAXOU', '54520', 'M', null);
INSERT INTO `client` VALUES ('45', 'Duprat', 'Antoine', '25, rue de Heubach', 'LAXOU', '54520', 'M', null);
INSERT INTO `client` VALUES ('46', 'Duguillet', 'Pernette', '15, rue Lavigerie', 'NANCY', '54000', 'Mle', null);
INSERT INTO `client` VALUES ('47', 'Dumas', 'Alexandre', '25, rue du Sergent Bobillot', 'NANCY', '54000', 'M', null);
INSERT INTO `client` VALUES ('48', 'Dupin', 'Jacques', '5, rue de l\'Octroi', 'NANCY', '54000', 'M', null);
INSERT INTO `client` VALUES ('49', 'Dumézil', 'Georges', '25, avenue de l\'Europe', 'NANCY', '54520', 'M', null);
INSERT INTO `client` VALUES ('50', 'Duguit', 'Léon', '12, rue Jean Mermoz', 'VILLERS', '54600', 'M', null);
INSERT INTO `client` VALUES ('51', 'Dupin', 'André', '52, avenue Paul Déroulède', 'LAXOU', '54520', 'M', null);
INSERT INTO `client` VALUES ('52', 'Dupond', 'Patrick', '24, rue du Onze Novembre', 'LAXOU', '54520', 'M', null);
INSERT INTO `client` VALUES ('53', 'Dupré', 'Marcel', '35, avenue Pierre Curie', 'LAXOU', '54520', 'M', null);
INSERT INTO `client` VALUES ('54', 'Dutourd', 'Jean', '21, rue de Cronstadt', 'NANCY', '54000', 'M', null);
INSERT INTO `client` VALUES ('55', 'Dutrochet', 'René', '3, avenue de l\'europe', 'LAXOU', '54520', 'M', null);
INSERT INTO `client` VALUES ('56', 'Duvivier', 'Julien', '2, rue de l\'Abbé Gridel', 'NANCY', '54000', 'M', null);
INSERT INTO `client` VALUES ('57', 'Duruflé', 'Maurice', '6, place des Ducs de Bar', 'NANCY', '54000', 'M', null);
INSERT INTO `client` VALUES ('58', 'Duras', 'Marguerite', '25, boulevard Cattenoz', 'VILLERS', '54600', 'Mme', null);
INSERT INTO `client` VALUES ('59', 'Duparc', 'Thérèse', '51, avenue de L\'Europe', 'LAXOU', '54520', 'Mme', null);
INSERT INTO `client` VALUES ('60', 'Dupré', 'Jules', '2, rue Léomont', 'VILLERS', '54600', 'M', null);
INSERT INTO `client` VALUES ('61', 'Duguesclin', 'Bertrand', '72, rue de Santifontaine', 'NANCY', '54000', 'M', null);
INSERT INTO `client` VALUES ('62', 'Dupré', 'Jacqueline', '25, rue de Mondésert', 'NANCY', '54000', 'Mme', null);
INSERT INTO `client` VALUES ('63', 'Dumas', 'Alexandre', '14, boulevard Cattenoz', 'VILLERS', '54600', 'M', null);
INSERT INTO `client` VALUES ('64', 'Dunand', 'Henri', '74, Boulevard de Baudricourt', 'VILLERS', '54600', 'M', null);
INSERT INTO `client` VALUES ('65', 'Duplessis', 'Armand', '20, rue de la Forêt', 'LAXOU', '54520', 'M', null);
INSERT INTO `client` VALUES ('66', 'Dulac', 'Germaine', '12, rue Marie-Odile', 'LAXOU', '54000', 'Mlle', null);
INSERT INTO `client` VALUES ('67', 'Dulong', 'Pierre', '13, rue de Mondésert', 'NANCY', '54000', 'M', null);
INSERT INTO `client` VALUES ('68', 'Dukas', 'Paul', '14, rue Edouard Grosjean', 'LAXOU', '54520', 'M', null);
INSERT INTO `client` VALUES ('69', 'Dufy', 'Raoul', '23, rue du Pressoir', 'LAXOU', '54000', 'M', null);
INSERT INTO `client` VALUES ('70', 'Dufresne', 'Diane', '25, Rue Pasteur', 'NANCY', '54000', 'Mme', null);
INSERT INTO `client` VALUES ('71', 'Duby', 'Georges', '51, rue des Coteaux', 'VILLERS', '54600', 'M', null);
INSERT INTO `client` VALUES ('72', 'Dubalet', 'Raoul', '14, rue baron Buquet', 'VILLERS', '54600', 'M', null);
INSERT INTO `client` VALUES ('73', 'Durango', 'Marina', '51, rue Ernest Albert', 'LAXOU', '54520', 'Mme', null);
INSERT INTO `client` VALUES ('74', 'Dubillard', 'Roland', '13, rue Chopin', 'VILLERS', '54600', 'M', null);
INSERT INTO `client` VALUES ('75', 'Duchamps', 'marcel', '54, rue Raymond Poincaré', 'LAXOU', '54520', 'M', null);
INSERT INTO `client` VALUES ('76', 'Dubellay', 'Joachim', '21, rue Mozart', 'VILLERS', '54600', 'M', null);
INSERT INTO `client` VALUES ('77', 'Dubuffet', 'Jean', '38, rue Coriolis', 'NANCY', '5400', 'M', null);
INSERT INTO `client` VALUES ('78', 'Dubos', 'René', '45, rue de l\'Asnée', 'VILLERS', '54600', 'M', null);
INSERT INTO `client` VALUES ('79', 'Ducasse', 'Alain', '15, Allées de Médreville', 'LAXOU', '54520', 'M', null);
INSERT INTO `client` VALUES ('80', 'Ducharme', 'Réjean', '65, rue du Colonel Moll', 'LAXOU', '54520', 'M', null);

-- ----------------------------
-- Table structure for `commande`
-- ----------------------------
DROP TABLE IF EXISTS `commande`;
CREATE TABLE `commande` (
  `NroCmde` varchar(255) NOT NULL DEFAULT '',
  `DateCmde` varchar(255) DEFAULT NULL,
  `HeureCmde` varchar(255) DEFAULT NULL,
  `NroClieCmde` varchar(255) NOT NULL,
  `NroLivrCmde` varchar(255) DEFAULT NULL,
  PRIMARY KEY (`NroCmde`)
) ENGINE=MyISAM DEFAULT CHARSET=latin1;

-- ----------------------------
-- Records of commande
-- ----------------------------
INSERT INTO `commande` VALUES ('452', '02/02/2004', '11:00:00', '1', '');
INSERT INTO `commande` VALUES ('453', '02/02/2004', '11:05:00', '66', '303');
INSERT INTO `commande` VALUES ('454', '02/02/2004', '11:25:00', '40', '303');
INSERT INTO `commande` VALUES ('455', '02/02/2004', '11:45:00', '80', '303');
INSERT INTO `commande` VALUES ('456', '02/02/2004', '11:55:00', '16', '303');
INSERT INTO `commande` VALUES ('457', '02/02/2004', '12:20:00', '15', '202');
INSERT INTO `commande` VALUES ('458', '02/02/2004', '12:25:00', '14', '202');
INSERT INTO `commande` VALUES ('459', '02/02/2004', '12:50:00', '34', '303');
INSERT INTO `commande` VALUES ('460', '02/02/2004', '13:15:00', '25', '202');
INSERT INTO `commande` VALUES ('461', '02/02/2004', '18:14:00', '52', '202');
INSERT INTO `commande` VALUES ('462', '02/02/2004', '18:24:00', '74', '202');
INSERT INTO `commande` VALUES ('463', '02/02/2004', '18:40:00', '72', '303');
INSERT INTO `commande` VALUES ('464', '02/02/2004', '19:00:00', '11', '303');
INSERT INTO `commande` VALUES ('465', '02/02/2004', '19:10:00', '42', '303');
INSERT INTO `commande` VALUES ('466', '02/02/2004', '19:20:00', '30', '202');
INSERT INTO `commande` VALUES ('467', '02/02/2004', '19:25:00', '62', '202');
INSERT INTO `commande` VALUES ('468', '02/02/2004', '19:35:00', '7', '202');
INSERT INTO `commande` VALUES ('469', '02/02/2004', '19:40:00', '8', '303');
INSERT INTO `commande` VALUES ('470', '02/02/2004', '19:50:00', '64', '303');
INSERT INTO `commande` VALUES ('471', '02/02/2004', '19:55:00', '4', '');
INSERT INTO `commande` VALUES ('472', '02/02/2004', '20:00:00', '27', '202');
INSERT INTO `commande` VALUES ('473', '02/02/2004', '20:10:00', '38', '202');
INSERT INTO `commande` VALUES ('474', '02/02/2004', '20:15:00', '39', '202');
INSERT INTO `commande` VALUES ('475', '02/02/2004', '20:25:00', '75', '303');
INSERT INTO `commande` VALUES ('476', '02/02/2004', '20:35:00', '31', '303');
INSERT INTO `commande` VALUES ('477', '03/02/2004', '11:40:00', '13', '404');
INSERT INTO `commande` VALUES ('478', '03/02/2004', '11:50:00', '60', '404');
INSERT INTO `commande` VALUES ('479', '03/02/2004', '12:30:00', '18', '');
INSERT INTO `commande` VALUES ('480', '03/02/2004', '12:45:00', '54', '404');
INSERT INTO `commande` VALUES ('481', '03/02/2004', '19:10:00', '35', '505');
INSERT INTO `commande` VALUES ('482', '03/02/2004', '19:20:00', '51', '505');
INSERT INTO `commande` VALUES ('483', '03/02/2004', '19:30:00', '48', '505');
INSERT INTO `commande` VALUES ('484', '03/02/2004', '19:50:00', '3', '');
INSERT INTO `commande` VALUES ('485', '03/02/2004', '20:45:00', '59', '505');
INSERT INTO `commande` VALUES ('486', '03/02/2004', '20:50:00', '13', '505');
INSERT INTO `commande` VALUES ('487', '04/02/2004', '12:10:00', '52', '101');
INSERT INTO `commande` VALUES ('488', '04/02/2004', '12:15:00', '67', '101');
INSERT INTO `commande` VALUES ('489', '04/02/2004', '12:30:00', '29', '101');
INSERT INTO `commande` VALUES ('490', '04/02/2004', '12:50:00', '45', '101');
INSERT INTO `commande` VALUES ('491', '04/02/2004', '19:10:00', '46', '202');
INSERT INTO `commande` VALUES ('492', '04/02/2004', '20:00:00', '31', '101');
INSERT INTO `commande` VALUES ('493', '04/02/2004', '20:15:00', '75', '101');
INSERT INTO `commande` VALUES ('494', '04/02/2004', '20:30:00', '79', '');
INSERT INTO `commande` VALUES ('495', '04/02/2004', '20:35:00', '20', '101');
INSERT INTO `commande` VALUES ('496', '04/02/2004', '20:45:00', '22', '101');

-- ----------------------------
-- Table structure for `commandes`
-- ----------------------------
DROP TABLE IF EXISTS `commandes`;
CREATE TABLE `commandes` (
  `NroCmde` varchar(255) DEFAULT NULL,
  `DateCmde` datetime DEFAULT NULL,
  `NroClieCmde` varchar(255) DEFAULT NULL,
  `NroLivrCmde` varchar(255) DEFAULT NULL
) ENGINE=MyISAM DEFAULT CHARSET=latin1;

-- ----------------------------
-- Records of commandes
-- ----------------------------
INSERT INTO `commandes` VALUES ('452', '2014-03-02 11:00:00', '1', null);
INSERT INTO `commandes` VALUES ('453', '2014-03-02 11:05:00', '66', '303');
INSERT INTO `commandes` VALUES ('454', '2014-03-03 11:25:00', '40', '303');
INSERT INTO `commandes` VALUES ('455', '2014-03-08 14:25:00', '80', '303');
INSERT INTO `commandes` VALUES ('456', '2014-03-09 11:21:00', '16', '303');
INSERT INTO `commandes` VALUES ('457', '2014-03-05 11:26:00', '15', '202');
INSERT INTO `commandes` VALUES ('458', '2015-03-04 11:25:00', '14', '202');
INSERT INTO `commandes` VALUES ('459', '2015-03-03 12:25:00', '34', '303');
INSERT INTO `commandes` VALUES ('460', '2015-03-02 11:28:00', '25', '202');
INSERT INTO `commandes` VALUES ('461', '2015-03-03 14:25:00', '52', '202');
INSERT INTO `commandes` VALUES ('462', '2015-03-03 13:25:00', '74', '202');
INSERT INTO `commandes` VALUES ('463', '2015-03-04 14:25:00', '72', '303');
INSERT INTO `commandes` VALUES ('464', '2015-03-03 11:25:00', '11', '303');
INSERT INTO `commandes` VALUES ('465', '2015-03-03 11:25:00', '42', '303');
INSERT INTO `commandes` VALUES ('466', '2015-03-03 11:35:00', '30', '202');
INSERT INTO `commandes` VALUES ('467', '2015-03-04 11:25:00', '62', '202');
INSERT INTO `commandes` VALUES ('468', '2015-03-03 15:25:00', '7', '202');
INSERT INTO `commandes` VALUES ('469', '2015-03-03 11:25:00', '8', '303');
INSERT INTO `commandes` VALUES ('470', '2015-03-04 11:25:00', '64', '303');
INSERT INTO `commandes` VALUES ('471', '2015-03-03 14:35:00', '4', null);
INSERT INTO `commandes` VALUES ('472', '2015-03-03 11:25:00', '27', '202');
INSERT INTO `commandes` VALUES ('473', '2015-03-04 11:25:00', '38', '202');
INSERT INTO `commandes` VALUES ('474', '2015-03-04 15:35:00', '39', '202');
INSERT INTO `commandes` VALUES ('475', '2015-03-03 11:25:00', '75', '303');
INSERT INTO `commandes` VALUES ('476', '2015-03-03 11:25:00', '31', '303');
INSERT INTO `commandes` VALUES ('477', '2015-03-03 14:25:00', '13', '404');
INSERT INTO `commandes` VALUES ('478', '2015-03-04 11:25:00', '60', '404');
INSERT INTO `commandes` VALUES ('479', '2015-03-04 14:35:00', '18', null);
INSERT INTO `commandes` VALUES ('480', '2015-03-03 11:25:00', '54', '404');
INSERT INTO `commandes` VALUES ('481', '2015-03-03 15:25:00', '35', '505');
INSERT INTO `commandes` VALUES ('482', '2015-03-04 11:25:00', '51', '505');
INSERT INTO `commandes` VALUES ('483', '2015-03-03 14:35:00', '48', '505');
INSERT INTO `commandes` VALUES ('484', '2015-03-03 11:25:00', '3', null);
INSERT INTO `commandes` VALUES ('485', '2015-03-03 14:25:00', '59', '505');
INSERT INTO `commandes` VALUES ('486', '2015-03-04 11:25:00', '13', '505');
INSERT INTO `commandes` VALUES ('487', '2015-03-03 11:35:00', '52', '101');
INSERT INTO `commandes` VALUES ('488', '2015-03-04 14:25:00', '67', '101');
INSERT INTO `commandes` VALUES ('489', '2015-03-03 11:25:00', '29', '101');
INSERT INTO `commandes` VALUES ('490', '2015-03-04 16:35:00', '45', '101');
INSERT INTO `commandes` VALUES ('491', '2015-03-03 11:25:00', '46', '202');
INSERT INTO `commandes` VALUES ('492', '2015-03-03 11:25:00', '31', '101');
INSERT INTO `commandes` VALUES ('493', '2015-03-03 11:25:00', '75', '101');
INSERT INTO `commandes` VALUES ('494', '2015-03-03 11:25:00', '79', null);
INSERT INTO `commandes` VALUES ('495', '2015-03-03 11:25:00', '20', '101');
INSERT INTO `commandes` VALUES ('496', '2015-03-03 11:25:00', '22', '101');

-- ----------------------------
-- Table structure for `composer`
-- ----------------------------
DROP TABLE IF EXISTS `composer`;
CREATE TABLE `composer` (
  `NroPizzComp` varchar(255) NOT NULL DEFAULT '',
  `CodeIngrComp` varchar(255) NOT NULL DEFAULT '',
  `QteComp` varchar(255) DEFAULT NULL,
  PRIMARY KEY (`NroPizzComp`,`CodeIngrComp`)
) ENGINE=MyISAM DEFAULT CHARSET=latin1;

-- ----------------------------
-- Records of composer
-- ----------------------------
INSERT INTO `composer` VALUES ('1', 'champignon', '40');
INSERT INTO `composer` VALUES ('1', 'chorizo', '50');
INSERT INTO `composer` VALUES ('1', 'jambon', '60');
INSERT INTO `composer` VALUES ('1', 'mozzarelle', '120');
INSERT INTO `composer` VALUES ('1', 'tomate', '80');
INSERT INTO `composer` VALUES ('2', 'chèvre', '60');
INSERT INTO `composer` VALUES ('2', 'jambon', '40');
INSERT INTO `composer` VALUES ('2', 'mozzarelle', '90');
INSERT INTO `composer` VALUES ('2', 'olive', '6');
INSERT INTO `composer` VALUES ('2', 'tomate', '70');
INSERT INTO `composer` VALUES ('3', 'chèvre', '40');
INSERT INTO `composer` VALUES ('3', 'emmental', '50');
INSERT INTO `composer` VALUES ('3', 'mozzarelle', '60');
INSERT INTO `composer` VALUES ('3', 'roquefort', '40');
INSERT INTO `composer` VALUES ('3', 'tomate', '60');
INSERT INTO `composer` VALUES ('4', 'champignon', '20');
INSERT INTO `composer` VALUES ('4', 'crème', '10');
INSERT INTO `composer` VALUES ('4', 'jambon', '40');
INSERT INTO `composer` VALUES ('4', 'lard', '20');
INSERT INTO `composer` VALUES ('4', 'tomate', '80');
INSERT INTO `composer` VALUES ('5', 'jambon', '50');
INSERT INTO `composer` VALUES ('5', 'mozzarelle', '120');
INSERT INTO `composer` VALUES ('5', 'oeuf', '1');
INSERT INTO `composer` VALUES ('5', 'tomate', '60');
INSERT INTO `composer` VALUES ('6', 'chèvre', '30');
INSERT INTO `composer` VALUES ('6', 'herbes', '5');
INSERT INTO `composer` VALUES ('6', 'mozzarelle', '80');
INSERT INTO `composer` VALUES ('6', 'thym', '4');
INSERT INTO `composer` VALUES ('6', 'tomate', '60');
INSERT INTO `composer` VALUES ('6', 'tomates', '1');
INSERT INTO `composer` VALUES ('7', 'boeuf', '75');
INSERT INTO `composer` VALUES ('7', 'mozzarelle', '80');
INSERT INTO `composer` VALUES ('7', 'oignon', '40');
INSERT INTO `composer` VALUES ('7', 'olive', '6');
INSERT INTO `composer` VALUES ('7', 'tomate', '80');
INSERT INTO `composer` VALUES ('8', 'merguez', '1');
INSERT INTO `composer` VALUES ('8', 'mozzarelle', '80');
INSERT INTO `composer` VALUES ('8', 'oeuf', '1');
INSERT INTO `composer` VALUES ('8', 'poivron', '40');
INSERT INTO `composer` VALUES ('8', 'tomate', '80');
INSERT INTO `composer` VALUES ('9', 'boeuf', '50');
INSERT INTO `composer` VALUES ('9', 'champignon', '30');
INSERT INTO `composer` VALUES ('9', 'mozzarelle', '120');
INSERT INTO `composer` VALUES ('9', 'poivron', '30');
INSERT INTO `composer` VALUES ('9', 'poulet', '60');
INSERT INTO `composer` VALUES ('9', 'tomate', '100');
INSERT INTO `composer` VALUES ('10', 'artichaut', '5');
INSERT INTO `composer` VALUES ('10', 'mozzarelle', '80');
INSERT INTO `composer` VALUES ('10', 'oignon', '30');
INSERT INTO `composer` VALUES ('10', 'olive', '8');
INSERT INTO `composer` VALUES ('10', 'poivron', '30');
INSERT INTO `composer` VALUES ('10', 'thym', '4');
INSERT INTO `composer` VALUES ('10', 'tomate', '80');
INSERT INTO `composer` VALUES ('10', 'tomates', '1');
INSERT INTO `composer` VALUES ('11', 'basilic', '10');
INSERT INTO `composer` VALUES ('11', 'féta', '70');
INSERT INTO `composer` VALUES ('11', 'mozzarelle', '60');
INSERT INTO `composer` VALUES ('11', 'olive', '8');
INSERT INTO `composer` VALUES ('11', 'poivron', '20');
INSERT INTO `composer` VALUES ('11', 'tomates', '80');
INSERT INTO `composer` VALUES ('12', 'crème', '50');
INSERT INTO `composer` VALUES ('12', 'jambon', '40');
INSERT INTO `composer` VALUES ('12', 'lard', '40');
INSERT INTO `composer` VALUES ('12', 'oignon', '20');
INSERT INTO `composer` VALUES ('12', 'roblochon', '40');
INSERT INTO `composer` VALUES ('13', 'capre', '20');
INSERT INTO `composer` VALUES ('13', 'mozzarelle', '80');
INSERT INTO `composer` VALUES ('13', 'thon', '60');
INSERT INTO `composer` VALUES ('13', 'tomate', '80');
INSERT INTO `composer` VALUES ('13', 'tomates', '1');

-- ----------------------------
-- Table structure for `crudlivreur`
-- ----------------------------
DROP TABLE IF EXISTS `crudlivreur`;
CREATE TABLE `crudlivreur` (
  `id` int(255) NOT NULL AUTO_INCREMENT,
  `NomLivr` varchar(255) DEFAULT NULL,
  `PrenomLivr` varchar(255) DEFAULT NULL,
  `DatEmbauchLivr` date DEFAULT NULL,
  PRIMARY KEY (`id`)
) ENGINE=MyISAM AUTO_INCREMENT=607 DEFAULT CHARSET=latin1;

-- ----------------------------
-- Records of crudlivreur
-- ----------------------------
INSERT INTO `crudlivreur` VALUES ('101', 'Hémeriche', 'Sylvain', '2003-10-01');
INSERT INTO `crudlivreur` VALUES ('202', 'Gillon', 'Sylvette', '2003-10-01');
INSERT INTO `crudlivreur` VALUES ('303', 'Tollag', 'Dino', '2003-11-01');
INSERT INTO `crudlivreur` VALUES ('404', 'Pigeot', 'Loïc', '2003-12-01');
INSERT INTO `crudlivreur` VALUES ('505', 'Patoux', 'Michel', '2003-12-01');
INSERT INTO `crudlivreur` VALUES ('606', 'Ferry', 'Martin', '2004-02-01');

-- ----------------------------
-- Table structure for `crudpizza`
-- ----------------------------
DROP TABLE IF EXISTS `crudpizza`;
CREATE TABLE `crudpizza` (
  `id` int(255) NOT NULL AUTO_INCREMENT,
  `DesignPizz` varchar(255) DEFAULT NULL,
  `TarifPizz` decimal(5,2) DEFAULT NULL,
  PRIMARY KEY (`id`)
) ENGINE=MyISAM AUTO_INCREMENT=497 DEFAULT CHARSET=latin1;

-- ----------------------------
-- Records of crudpizza
-- ----------------------------
INSERT INTO `crudpizza` VALUES ('1', 'La Regina', '10.00');
INSERT INTO `crudpizza` VALUES ('2', 'La Seguin', '13.50');
INSERT INTO `crudpizza` VALUES ('3', 'La From', '14.50');
INSERT INTO `crudpizza` VALUES ('4', 'La Fermière', '12.50');
INSERT INTO `crudpizza` VALUES ('5', 'Le Chausson', '13.00');
INSERT INTO `crudpizza` VALUES ('6', 'La Provençale', '12.50');
INSERT INTO `crudpizza` VALUES ('7', 'La Caramba', '14.50');
INSERT INTO `crudpizza` VALUES ('8', 'La tomate', '14.50');
INSERT INTO `crudpizza` VALUES ('9', 'La Gourmande', '14.50');
INSERT INTO `crudpizza` VALUES ('10', 'La primeure', '12.50');
INSERT INTO `crudpizza` VALUES ('11', 'La Péloponèse', '14.50');
INSERT INTO `crudpizza` VALUES ('12', 'La Savoyarde', '14.50');
INSERT INTO `crudpizza` VALUES ('13', 'la Pêcheur', '13.50');
INSERT INTO `crudpizza` VALUES ('472', 'greenwinch', '65.00');
INSERT INTO `crudpizza` VALUES ('471', 'La camenbert', '45.00');
INSERT INTO `crudpizza` VALUES ('473', 'saumon', '27.00');
INSERT INTO `crudpizza` VALUES ('474', 'saumon fumé ', '37.50');
INSERT INTO `crudpizza` VALUES ('494', 'pizza thor', '15.00');
INSERT INTO `crudpizza` VALUES ('493', 'anchois', '12.50');
INSERT INTO `crudpizza` VALUES ('489', 'la végétarienne', '15.20');
INSERT INTO `crudpizza` VALUES ('490', 'pizza ananas', '11.50');
INSERT INTO `crudpizza` VALUES ('496', 'toto', '15.00');

-- ----------------------------
-- Table structure for `ingredient`
-- ----------------------------
DROP TABLE IF EXISTS `ingredient`;
CREATE TABLE `ingredient` (
  `CodeIngr` varchar(255) NOT NULL DEFAULT '',
  `NomIngr` varchar(255) DEFAULT NULL,
  `UniteIngr` varchar(255) DEFAULT NULL,
  PRIMARY KEY (`CodeIngr`)
) ENGINE=MyISAM DEFAULT CHARSET=latin1;

-- ----------------------------
-- Records of ingredient
-- ----------------------------
INSERT INTO `ingredient` VALUES ('artichaut', 'Cœur d\'artichaut', 'u');
INSERT INTO `ingredient` VALUES ('basilic', 'Basilic Frais', 'gr');
INSERT INTO `ingredient` VALUES ('boeuf', 'Bœuf haché', 'gr');
INSERT INTO `ingredient` VALUES ('capre', 'Capres', 'gr');
INSERT INTO `ingredient` VALUES ('champignon', 'Champignons frais', 'gr');
INSERT INTO `ingredient` VALUES ('chèvre', 'Fromage de chêvre', 'gr');
INSERT INTO `ingredient` VALUES ('chorizo', 'Chorizo', 'gr');
INSERT INTO `ingredient` VALUES ('ciboulette', 'Ciboulette fraîche', 'gr');
INSERT INTO `ingredient` VALUES ('crème', 'Crème fraiche', 'cl');
INSERT INTO `ingredient` VALUES ('emmental', 'emmental français', 'gr');
INSERT INTO `ingredient` VALUES ('féta', 'Féta provençale', 'gr');
INSERT INTO `ingredient` VALUES ('herbes', 'Herbes de provences', 'gr');
INSERT INTO `ingredient` VALUES ('jambon', 'Epaule de porc', 'gr');
INSERT INTO `ingredient` VALUES ('lard', 'Lardons', 'gr');
INSERT INTO `ingredient` VALUES ('merguez', 'Merguez', 'u');
INSERT INTO `ingredient` VALUES ('mozzarelle', 'Fromage mozzarelle', 'gr');
INSERT INTO `ingredient` VALUES ('oeuf', 'Œuf', 'u');
INSERT INTO `ingredient` VALUES ('oignon', 'Oignons frais', 'gr');
INSERT INTO `ingredient` VALUES ('olive', 'olives noires', 'u');
INSERT INTO `ingredient` VALUES ('poivron', 'Poivron Frais', 'gr');
INSERT INTO `ingredient` VALUES ('poulet', 'morceaux de poulet', 'u');
INSERT INTO `ingredient` VALUES ('roblochon', 'roblochon de savoie', 'gr');
INSERT INTO `ingredient` VALUES ('roquefort', 'Roquefort', 'gr');
INSERT INTO `ingredient` VALUES ('thon', 'Miettes de thon', 'gr');
INSERT INTO `ingredient` VALUES ('thym', 'Thym de provence', 'gr');
INSERT INTO `ingredient` VALUES ('tomate', 'Purée de tomate', 'ml');
INSERT INTO `ingredient` VALUES ('tomates', 'Tomates fraiches', 'u');

-- ----------------------------
-- Table structure for `lister`
-- ----------------------------
DROP TABLE IF EXISTS `lister`;
CREATE TABLE `lister` (
  `NroCmdeList` varchar(255) NOT NULL DEFAULT '',
  `NroPizzList` varchar(255) NOT NULL DEFAULT '',
  `QteList` varchar(255) DEFAULT NULL,
  PRIMARY KEY (`NroCmdeList`,`NroPizzList`)
) ENGINE=MyISAM DEFAULT CHARSET=latin1;

-- ----------------------------
-- Records of lister
-- ----------------------------
INSERT INTO `lister` VALUES ('452', '1', '2');
INSERT INTO `lister` VALUES ('452', '7', '2');
INSERT INTO `lister` VALUES ('453', '5', '1');
INSERT INTO `lister` VALUES ('454', '2', '4');
INSERT INTO `lister` VALUES ('454', '3', '1');
INSERT INTO `lister` VALUES ('454', '8', '1');
INSERT INTO `lister` VALUES ('455', '2', '1');
INSERT INTO `lister` VALUES ('455', '3', '1');
INSERT INTO `lister` VALUES ('455', '7', '1');
INSERT INTO `lister` VALUES ('455', '12', '1');
INSERT INTO `lister` VALUES ('456', '10', '2');
INSERT INTO `lister` VALUES ('457', '9', '1');
INSERT INTO `lister` VALUES ('458', '1', '3');
INSERT INTO `lister` VALUES ('458', '4', '1');
INSERT INTO `lister` VALUES ('459', '6', '2');
INSERT INTO `lister` VALUES ('459', '7', '1');
INSERT INTO `lister` VALUES ('459', '11', '1');
INSERT INTO `lister` VALUES ('460', '6', '2');
INSERT INTO `lister` VALUES ('460', '10', '2');
INSERT INTO `lister` VALUES ('461', '7', '2');
INSERT INTO `lister` VALUES ('462', '1', '1');
INSERT INTO `lister` VALUES ('462', '4', '1');
INSERT INTO `lister` VALUES ('462', '9', '1');
INSERT INTO `lister` VALUES ('463', '12', '4');
INSERT INTO `lister` VALUES ('464', '2', '1');
INSERT INTO `lister` VALUES ('464', '9', '3');
INSERT INTO `lister` VALUES ('465', '2', '1');
INSERT INTO `lister` VALUES ('465', '3', '1');
INSERT INTO `lister` VALUES ('466', '10', '1');
INSERT INTO `lister` VALUES ('467', '2', '1');
INSERT INTO `lister` VALUES ('467', '12', '2');
INSERT INTO `lister` VALUES ('468', '4', '2');
INSERT INTO `lister` VALUES ('468', '8', '1');
INSERT INTO `lister` VALUES ('468', '9', '1');
INSERT INTO `lister` VALUES ('469', '1', '2');
INSERT INTO `lister` VALUES ('470', '3', '1');
INSERT INTO `lister` VALUES ('470', '4', '3');
INSERT INTO `lister` VALUES ('471', '5', '2');
INSERT INTO `lister` VALUES ('472', '11', '1');
INSERT INTO `lister` VALUES ('473', '4', '1');
INSERT INTO `lister` VALUES ('473', '6', '2');
INSERT INTO `lister` VALUES ('473', '10', '1');
INSERT INTO `lister` VALUES ('474', '3', '2');
INSERT INTO `lister` VALUES ('474', '10', '1');
INSERT INTO `lister` VALUES ('475', '8', '2');
INSERT INTO `lister` VALUES ('476', '2', '2');
INSERT INTO `lister` VALUES ('476', '9', '1');
INSERT INTO `lister` VALUES ('477', '3', '1');
INSERT INTO `lister` VALUES ('477', '12', '1');
INSERT INTO `lister` VALUES ('478', '1', '3');
INSERT INTO `lister` VALUES ('479', '12', '2');
INSERT INTO `lister` VALUES ('480', '4', '2');
INSERT INTO `lister` VALUES ('480', '5', '2');
INSERT INTO `lister` VALUES ('480', '11', '1');
INSERT INTO `lister` VALUES ('481', '5', '2');
INSERT INTO `lister` VALUES ('482', '7', '3');
INSERT INTO `lister` VALUES ('483', '11', '1');
INSERT INTO `lister` VALUES ('484', '1', '2');
INSERT INTO `lister` VALUES ('484', '12', '1');
INSERT INTO `lister` VALUES ('485', '2', '1');
INSERT INTO `lister` VALUES ('486', '3', '2');
INSERT INTO `lister` VALUES ('486', '10', '1');
INSERT INTO `lister` VALUES ('486', '11', '1');
INSERT INTO `lister` VALUES ('487', '4', '2');
INSERT INTO `lister` VALUES ('488', '5', '2');
INSERT INTO `lister` VALUES ('488', '8', '1');
INSERT INTO `lister` VALUES ('488', '9', '1');
INSERT INTO `lister` VALUES ('489', '6', '2');
INSERT INTO `lister` VALUES ('490', '7', '1');
INSERT INTO `lister` VALUES ('491', '5', '2');
INSERT INTO `lister` VALUES ('492', '1', '2');
INSERT INTO `lister` VALUES ('492', '4', '1');
INSERT INTO `lister` VALUES ('492', '6', '1');
INSERT INTO `lister` VALUES ('492', '7', '1');
INSERT INTO `lister` VALUES ('492', '8', '1');
INSERT INTO `lister` VALUES ('493', '11', '2');
INSERT INTO `lister` VALUES ('494', '2', '1');
INSERT INTO `lister` VALUES ('494', '8', '1');
INSERT INTO `lister` VALUES ('495', '3', '1');
INSERT INTO `lister` VALUES ('496', '7', '3');
INSERT INTO `lister` VALUES ('496', '10', '2');

-- ----------------------------
-- Table structure for `livreur`
-- ----------------------------
DROP TABLE IF EXISTS `livreur`;
CREATE TABLE `livreur` (
  `NroLivr` varchar(255) NOT NULL,
  `NomLivr` varchar(255) DEFAULT NULL,
  `PrenomLivr` varchar(255) DEFAULT NULL,
  `DatEmbauchLivr` date DEFAULT NULL,
  PRIMARY KEY (`NroLivr`)
) ENGINE=MyISAM DEFAULT CHARSET=latin1;

-- ----------------------------
-- Records of livreur
-- ----------------------------
INSERT INTO `livreur` VALUES ('101', 'Hémeriche', 'Sylvain', '2003-10-01');
INSERT INTO `livreur` VALUES ('202', 'Gillon', 'Sylvette', '2003-10-01');
INSERT INTO `livreur` VALUES ('303', 'Tollag', 'Dino', '2003-11-01');
INSERT INTO `livreur` VALUES ('404', 'Pigeot', 'Loïc', '2003-12-01');
INSERT INTO `livreur` VALUES ('505', 'Patoux', 'Michel', '2003-12-01');
INSERT INTO `livreur` VALUES ('606', 'Ferry', 'Martin', '2004-02-01');

-- ----------------------------
-- Table structure for `migration_versions`
-- ----------------------------
DROP TABLE IF EXISTS `migration_versions`;
CREATE TABLE `migration_versions` (
  `version` varchar(14) COLLATE utf8mb4_unicode_ci NOT NULL,
  `executed_at` datetime NOT NULL COMMENT '(DC2Type:datetime_immutable)',
  PRIMARY KEY (`version`)
) ENGINE=InnoDB DEFAULT CHARSET=utf8mb4 COLLATE=utf8mb4_unicode_ci;

-- ----------------------------
-- Records of migration_versions
-- ----------------------------
INSERT INTO `migration_versions` VALUES ('20200210132023', '2020-02-10 13:22:22');
INSERT INTO `migration_versions` VALUES ('20200210182609', '2020-02-10 18:38:28');

-- ----------------------------
-- Table structure for `pizza`
-- ----------------------------
DROP TABLE IF EXISTS `pizza`;
CREATE TABLE `pizza` (
  `NroPizz` int(255) NOT NULL AUTO_INCREMENT,
  `DesignPizz` varchar(255) DEFAULT NULL,
  `TarifPizz` decimal(5,1) DEFAULT NULL,
  PRIMARY KEY (`NroPizz`)
) ENGINE=MyISAM AUTO_INCREMENT=462 DEFAULT CHARSET=latin1;

-- ----------------------------
-- Records of pizza
-- ----------------------------
INSERT INTO `pizza` VALUES ('2', 'La Seguin', '13.5');
INSERT INTO `pizza` VALUES ('3', 'La From', '14.5');
INSERT INTO `pizza` VALUES ('4', 'La Fermière', '12.5');
INSERT INTO `pizza` VALUES ('5', 'La chausson', '13.0');
INSERT INTO `pizza` VALUES ('6', 'La Provençale', '12.5');
INSERT INTO `pizza` VALUES ('7', 'La Caramba', '14.5');
INSERT INTO `pizza` VALUES ('8', 'l\'Orient Express', '14.5');
INSERT INTO `pizza` VALUES ('9', 'La Gourmande', '14.5');
INSERT INTO `pizza` VALUES ('10', 'La primeure', '12.5');
INSERT INTO `pizza` VALUES ('11', 'La Péloponèse', '14.5');
INSERT INTO `pizza` VALUES ('12', 'La Savoyarde', '14.5');
INSERT INTO `pizza` VALUES ('13', 'la Pêcheur', '13.5');
INSERT INTO `pizza` VALUES ('456', 'puree', '19.2');
INSERT INTO `pizza` VALUES ('1', 'pizza caviar', '250.0');

-- ----------------------------
-- Table structure for `pizzajdbc`
-- ----------------------------
DROP TABLE IF EXISTS `pizzajdbc`;
CREATE TABLE `pizzajdbc` (
  `nom_pizza` varchar(32) DEFAULT NULL
) ENGINE=InnoDB DEFAULT CHARSET=utf8;

-- ----------------------------
-- Records of pizzajdbc
-- ----------------------------
INSERT INTO `pizzajdbc` VALUES ('quatre fromages');
INSERT INTO `pizzajdbc` VALUES ('chorizoss');
INSERT INTO `pizzajdbc` VALUES ('chorizo');
INSERT INTO `pizzajdbc` VALUES ('chorizo');
INSERT INTO `pizzajdbc` VALUES ('chorizo');
INSERT INTO `pizzajdbc` VALUES ('chorizo');
INSERT INTO `pizzajdbc` VALUES ('chorizo');
INSERT INTO `pizzajdbc` VALUES ('chorizo');
INSERT INTO `pizzajdbc` VALUES ('chorizo');

-- ----------------------------
-- Table structure for `pizzas`
-- ----------------------------
DROP TABLE IF EXISTS `pizzas`;
CREATE TABLE `pizzas` (
  `id` int(255) NOT NULL AUTO_INCREMENT,
  `DesignPizz` varchar(255) DEFAULT NULL,
  `TarifPizz` decimal(5,1) DEFAULT NULL,
  PRIMARY KEY (`id`)
) ENGINE=MyISAM AUTO_INCREMENT=472 DEFAULT CHARSET=latin1;

-- ----------------------------
-- Records of pizzas
-- ----------------------------
INSERT INTO `pizzas` VALUES ('1', 'La Regina', '10.0');
INSERT INTO `pizzas` VALUES ('2', 'La Seguin', '13.5');
INSERT INTO `pizzas` VALUES ('3', 'La From', '14.5');
INSERT INTO `pizzas` VALUES ('4', 'La Fermière', '12.5');
INSERT INTO `pizzas` VALUES ('5', 'La chausson', '13.0');
INSERT INTO `pizzas` VALUES ('6', 'La Provençale', '12.5');
INSERT INTO `pizzas` VALUES ('7', 'La Caramba', '14.5');
INSERT INTO `pizzas` VALUES ('8', 'l\'Orient Express', '14.5');
INSERT INTO `pizzas` VALUES ('9', 'La Gourmande', '14.5');
INSERT INTO `pizzas` VALUES ('10', 'La primeure', '12.5');
INSERT INTO `pizzas` VALUES ('11', 'La Péloponèse', '14.5');
INSERT INTO `pizzas` VALUES ('12', 'La Savoyarde', '14.5');
INSERT INTO `pizzas` VALUES ('13', 'la Pêcheur', '13.5');

-- ----------------------------
-- Table structure for `pizza_copy`
-- ----------------------------
DROP TABLE IF EXISTS `pizza_copy`;
CREATE TABLE `pizza_copy` (
  `NroPizz` int(255) NOT NULL,
  `DesignPizz` varchar(255) DEFAULT NULL,
  `TarifPizz` decimal(3,1) DEFAULT NULL,
  PRIMARY KEY (`NroPizz`)
) ENGINE=MyISAM DEFAULT CHARSET=latin1;

-- ----------------------------
-- Records of pizza_copy
-- ----------------------------
INSERT INTO `pizza_copy` VALUES ('1', 'La Regina', '10.0');
INSERT INTO `pizza_copy` VALUES ('2', 'La Seguin', '13.5');
INSERT INTO `pizza_copy` VALUES ('3', 'La From', '14.5');
INSERT INTO `pizza_copy` VALUES ('4', 'La Fermière', '12.5');
INSERT INTO `pizza_copy` VALUES ('5', 'La chausson', '13.0');
INSERT INTO `pizza_copy` VALUES ('6', 'La Provençale', '12.5');
INSERT INTO `pizza_copy` VALUES ('7', 'La Caramba', '14.5');
INSERT INTO `pizza_copy` VALUES ('8', 'l\'Orient Express', '14.5');
INSERT INTO `pizza_copy` VALUES ('9', 'La Gourmande', '14.5');
INSERT INTO `pizza_copy` VALUES ('10', 'La primeure', '12.5');
INSERT INTO `pizza_copy` VALUES ('11', 'La Péloponèse', '14.5');
INSERT INTO `pizza_copy` VALUES ('12', 'La Savoyarde', '14.5');
INSERT INTO `pizza_copy` VALUES ('13', 'la Pêcheur', '13.5');
INSERT INTO `pizza_copy` VALUES ('122', 'pomme de terre', '50.0');
INSERT INTO `pizza_copy` VALUES ('456', 'puree', '99.9');

-- ----------------------------
-- Table structure for `promo`
-- ----------------------------
DROP TABLE IF EXISTS `promo`;
CREATE TABLE `promo` (
  `idpromo` int(11) NOT NULL
) ENGINE=InnoDB DEFAULT CHARSET=utf8;

-- ----------------------------
-- Records of promo
-- ----------------------------

-- ----------------------------
-- Table structure for `t_livreur`
-- ----------------------------
DROP TABLE IF EXISTS `t_livreur`;
CREATE TABLE `t_livreur` (
  `id` int(255) NOT NULL AUTO_INCREMENT,
  `NomLivr` varchar(255) DEFAULT NULL,
  `PrenomLivr` varchar(255) DEFAULT NULL,
  `DatEmbauchLivr` date DEFAULT NULL,
  PRIMARY KEY (`id`)
) ENGINE=MyISAM AUTO_INCREMENT=607 DEFAULT CHARSET=latin1;

-- ----------------------------
-- Records of t_livreur
-- ----------------------------
INSERT INTO `t_livreur` VALUES ('101', 'Hémeriche', 'Sylvain', '2003-10-01');
INSERT INTO `t_livreur` VALUES ('202', 'Gillon', 'Sylvette', '2003-10-01');
INSERT INTO `t_livreur` VALUES ('303', 'Tollag', 'Dino', '2003-11-01');
INSERT INTO `t_livreur` VALUES ('404', 'Pigeot', 'Loïc', '2003-12-01');
INSERT INTO `t_livreur` VALUES ('505', 'Patoux', 'Michel', '2003-12-01');
INSERT INTO `t_livreur` VALUES ('606', 'Ferry', 'Martin', '2004-02-01');

-- ----------------------------
-- Table structure for `t_pizza`
-- ----------------------------
DROP TABLE IF EXISTS `t_pizza`;
CREATE TABLE `t_pizza` (
  `id` int(255) NOT NULL AUTO_INCREMENT,
  `DesignPizz` varchar(255) DEFAULT NULL,
  `TarifPizz` decimal(5,2) DEFAULT NULL,
  PRIMARY KEY (`id`)
) ENGINE=MyISAM AUTO_INCREMENT=503 DEFAULT CHARSET=latin1;

-- ----------------------------
-- Records of t_pizza
-- ----------------------------
INSERT INTO `t_pizza` VALUES ('1', 'La Regina', '10.00');
INSERT INTO `t_pizza` VALUES ('2', 'La Seguin', '13.50');
INSERT INTO `t_pizza` VALUES ('3', 'La From', '14.50');
INSERT INTO `t_pizza` VALUES ('4', 'La Fermière', '12.50');
INSERT INTO `t_pizza` VALUES ('5', 'Le Chausson', '13.00');
INSERT INTO `t_pizza` VALUES ('6', 'La Provençale', '12.50');
INSERT INTO `t_pizza` VALUES ('7', 'La Caramba', '14.50');
INSERT INTO `t_pizza` VALUES ('8', 'La tomate', '14.50');
INSERT INTO `t_pizza` VALUES ('9', 'La Gourmande', '14.50');
INSERT INTO `t_pizza` VALUES ('10', 'La primeure', '12.50');
INSERT INTO `t_pizza` VALUES ('11', 'La Péloponèse', '14.50');
INSERT INTO `t_pizza` VALUES ('12', 'La Savoyarde', '14.50');
INSERT INTO `t_pizza` VALUES ('13', 'la Pêcheur', '13.50');
INSERT INTO `t_pizza` VALUES ('472', 'greenwinch', '65.00');
INSERT INTO `t_pizza` VALUES ('471', 'La camenbert', '45.00');
INSERT INTO `t_pizza` VALUES ('473', 'saumon', '27.00');
INSERT INTO `t_pizza` VALUES ('474', 'saumon fumé ', '37.50');
INSERT INTO `t_pizza` VALUES ('497', 'wilfrid', '455.10');
INSERT INTO `t_pizza` VALUES ('494', 'pizza thor', '15.00');
INSERT INTO `t_pizza` VALUES ('493', 'anchois', '12.50');
INSERT INTO `t_pizza` VALUES ('489', 'la végétarienne', '15.20');
INSERT INTO `t_pizza` VALUES ('490', 'pizza ananas', '11.50');
INSERT INTO `t_pizza` VALUES ('496', 'toto', '15.00');
INSERT INTO `t_pizza` VALUES ('498', 'wilfrid', '455.10');
INSERT INTO `t_pizza` VALUES ('499', 'wilfrid', '455.10');
INSERT INTO `t_pizza` VALUES ('500', 'wilfrid', '455.10');
INSERT INTO `t_pizza` VALUES ('501', 'wilfrid', '455.10');
INSERT INTO `t_pizza` VALUES ('502', 'wilfrid', '455.10');

-- ----------------------------
-- Table structure for `user`
-- ----------------------------
DROP TABLE IF EXISTS `user`;
CREATE TABLE `user` (
  `id` int(11) NOT NULL AUTO_INCREMENT,
  `email` varchar(255) COLLATE utf8mb4_unicode_ci NOT NULL,
  `username` varchar(255) COLLATE utf8mb4_unicode_ci NOT NULL,
  `password` varchar(255) COLLATE utf8mb4_unicode_ci NOT NULL,
  `roles` json NOT NULL,
  PRIMARY KEY (`id`)
) ENGINE=InnoDB AUTO_INCREMENT=10 DEFAULT CHARSET=utf8mb4 COLLATE=utf8mb4_unicode_ci;

-- ----------------------------
-- Records of user
-- ----------------------------
INSERT INTO `user` VALUES ('1', 'wilfrid@hotmail.com', 'wilfrid', '$argon2i$v=19$m=65536,t=4,p=1$b0huWEg0T2phLllraTJyaw$jLmXyRpNL6djrp/5kBxIEhPtmvABO0fRWZqyQm1M5PI');
INSERT INTO `user` VALUES ('2', 'wilfrido@hotmail.com', 'wilfrid', '$argon2i$v=19$m=65536,t=4,p=1$VlJMTXRGazRodFRVNXNKZw$O0XsCaxwKuxHpFrMu/Bm5jOQxaySOFWxY72K9OtJwoM');
INSERT INTO `user` VALUES ('3', 'wilfridmo@hotmail.com', 'wilfrid', '$argon2i$v=19$m=65536,t=4,p=1$RmUxdEt4NWhtaXV2TktheQ$GfMH/+Jm6tyL+J6J/vmUy6tBfrF7QPt9luZbFnZdXgs');
INSERT INTO `user` VALUES ('4', 'wilfrid_mo@hotmail.com', 'wilfrid', '$argon2i$v=19$m=65536,t=4,p=1$U3pKZ3lTZ0NFWXJwLkRpUw$LSHaeOpXt3Rit3LMWchZgqKQnQRVku/VpjaM1RpGoN4');
INSERT INTO `user` VALUES ('5', 'wilfrid1@hotmail.com', 'wilfrid', '$argon2i$v=19$m=65536,t=4,p=1$eVdEdmdDQWRWYXAyVGE1Vw$Goo8qMKf/Dpjhaq6PeyGq3vs3aG/sk3B4I5o6fXFebU');
INSERT INTO `user` VALUES ('6', 'wilfrid@hotmail.fr', 'wilfrd1', '$argon2id$v=19$m=65536,t=4,p=1$VGNEQWE4NUhuS1Z1WC44eQ$RtXqNjYwQ6IIL8hEldA/0lJybAO3MfuI3G+o+Uz5/F0');
INSERT INTO `user` VALUES ('7', 'wilfrid_mo@hotm.om', 'wilfrid788', '$argon2id$v=19$m=65536,t=4,p=1$R29CSzdUZXNJc0NqallNYw$YzOpFIL1rWHHaLqII345/dMxkj+QU5XCaAUtp4RknBc');
INSERT INTO `user` VALUES ('8', 'totto45@hitmail.com', 'totto4578', '$argon2id$v=19$m=65536,t=4,p=1$eG5HZnBCcDNmS1NkUlJyYQ$asSp5xKxdTLE0mFwHyvABUXzFPGgc2NEGFekFlluQHw');
INSERT INTO `user` VALUES ('9', 'wilfridmorel@hotmail.com', 'wilfridmorel', '$argon2id$v=19$m=65536,t=4,p=1$bkFtN01mNVd0MWpmb25kUQ$QTvpXDaJum5TYNujy9zkwQ99dbGDBko8+sPSPsN7u1o');

-- ----------------------------
-- View structure for `listepizza`
-- ----------------------------
DROP VIEW IF EXISTS `listepizza`;
CREATE ALGORITHM=UNDEFINED DEFINER=`root`@`localhost` SQL SECURITY DEFINER VIEW `listepizza` AS select `pizza`.`NroPizz` AS `NroPizz`,`pizza`.`DesignPizz` AS `DesignPizz`,`pizza`.`TarifPizz` AS `TarifPizz` from `pizza` where (`pizza`.`TarifPizz` = 12) ;

-- ----------------------------
-- View structure for `liste_client_nancy`
-- ----------------------------
DROP VIEW IF EXISTS `liste_client_nancy`;
CREATE ALGORITHM=UNDEFINED DEFINER=`root`@`localhost` SQL SECURITY DEFINER VIEW `liste_client_nancy` AS select `client`.`TitreClie` AS `TitreClie`,`client`.`NomClie` AS `NomClie`,`client`.`PrenomClie` AS `PrenomClie` from `client` where (`client`.`VilleClie` = 'nancy') ;

-- ----------------------------
-- Procedure structure for `calculcommande`
-- ----------------------------
DROP PROCEDURE IF EXISTS `calculcommande`;
DELIMITER ;;
CREATE DEFINER=`root`@`localhost` PROCEDURE `calculcommande`(IN `NUMCOMMANDE` INT)
BEGIN
    SELECT SUM(lister.QteList  * pizza.TarifPizz )  as MontantCommmande
				 FROM lister,pizza
				 WHERE pizza.NroPizz = lister.NroPizzList
			   AND lister.NroCmdeList = NUMCOMMANDE; 

 end
;;
DELIMITER ;

-- ----------------------------
-- Procedure structure for `proc_calcul_commande`
-- ----------------------------
DROP PROCEDURE IF EXISTS `proc_calcul_commande`;
DELIMITER ;;
CREATE DEFINER=`root`@`localhost` PROCEDURE `proc_calcul_commande`(IN `numcommande` INT)
BEGIN

SELECT   sum(lister.QteList  * pizza.TarifPizz )  as Montantcommande 
FROM lister,pizza
WHERE pizza.NroPizz = lister.NroPizzList
AND lister.NroCmdeList = numcommande ;

END
;;
DELIMITER ;
